id,distance
16019,8300.674
16020,56431.926
16021,11313.23
16022,7801.282
16023,15768.171
16024,6331.7085
16025,89658.14
16026,4167.004
16027,9228.217
16028,1808.7461
16029,19437.018
16030,53083.047
16031,7329.9854
16032,2574.2234
16033,3726.8992
16034,13342.927
16035,4807.414
16036,168374.73
16037,5570.9854
16038,14231.754
16039,2873.4631
16040,8352.588
16041,10377.085
16042,19066.39
16043,8144.0146
16044,2717.6775
16045,8184.989
16046,7917.971
16047,9489.685
16048,104296.1
16049,10872.031
16050,13184.611
16051,14515.223
16052,16293.66
16053,4852.207
16054,5787.692
16055,7730.1133
16056,26999.145
16057,1428.095
16058,2427.2615
16059,9564.848
16060,9202.861
16061,70694.84
16062,7794.6445
16063,5025.382
16064,9937.172
16065,2030.6375
16066,6163.7554
16067,6160.4272
16068,9740.613
16069,9072.951
16070,7259.992
16071,13676.434
16072,7409.2373
16073,4034.062
16074,11594.595
16075,26936.229
16076,4910.534
16077,5453.708
16078,11369.071
16079,11441.128
16080,4331.963
16081,25910.197
16082,5007.6367
16083,5284.638
16084,6646
16085,9514.258
16086,2148.9329
16087,7747.208
16088,14663.486
16089,7712.9014
16090,14253.898
16091,3092.6316
16092,9473.342
16093,69396.58
16094,62670.797
16095,7861.385
16096,10096.051
16097,6341.37
16098,1345.928
16099,23407.527
16100,2239.7498
16101,3237.3806
16102,2573.116
16103,114382.625
16104,5051.801
16105,16525.879
16106,52989.652
16107,47985.477
16108,7051.41
16109,9177.818
16110,13278.586
16111,2693.0344
16112,12965.351
16113,8017.459
16114,7033.626
16115,17019.04
16116,4766.0957
16117,12129.801
16118,5200.4473
16119,48693.85
16120,14952.706
16121,12335.8
16122,7478.762
16123,6252.578
16124,7956.6484
16125,7902.674
16126,138847.03
16127,8186.199
16128,5056.693
16129,8407.699
16130,6920.5635
16131,24106.879
16132,9205.4375
16133,7457.0664
16134,8695.892
16135,6943.3574
16136,19214.154
16137,11528.468
16138,7223.8115
16139,8375.069
16140,9190.793
16141,4494.0947
16142,10194.096
16143,87053.45
16144,16648.475
16145,7929.428
16146,12677.275
16147,3534.0095
16148,4313.1475
16149,11877.506
16150,8124.6523
16151,7110.4395
16152,5636.461
16153,9909.943
16154,17607.328
16155,5048.003
16156,7942.8145
16157,3735.6853
16158,9964.179
16159,14277.512
16160,10748.885
16161,8423.318
16162,7250.501
16163,9084.051
16164,15818.215
16165,4128.285
16166,6545.2754
16167,17293.086
16168,7302.325
16169,9779.645
16170,15357.43
16171,1918.2229
16172,5079.199
16173,117783.945
16174,5225.9736
16175,10440.752
16176,5126.352
16177,7828.675
16178,17377.807
16179,6486.518
16180,9256.115
16181,10540.545
16182,4847.8374
16183,21530.885
16184,7780.62
16185,52520.184
16186,12419.895
16187,7557.703
16188,15813.318
16189,8686.137
16190,18222.758
16191,4074.1938
16192,2756.4158
16193,63426.438
16194,8748.605
16195,3059.1697
16196,15019.315
16197,10718.025
16198,7813.08
16199,4867.1475
16200,5239.1704
16201,3992.2727
16202,6478.1797
16203,10650.555
16204,19036.629
16205,64439.812
16206,5358.0015
16207,4282.493
16208,12327.557
16209,17149.125
16210,14608.013
16211,6638.2437
16212,14220.588
16213,4928.6206
16214,155264.02
16215,13893.732
16216,6652.988
16217,4457.572
16218,3131.742
16219,6540.809
16220,12116.301
16221,7790.7305
16222,4071.9968
16223,15421.3125
16224,59119.555
16225,147031.31
16226,14660.826
16227,12341.129
16228,14222.591
16229,7174.8
16230,14184.379
16231,4744.834
16232,2783.8289
16233,13699.945
16234,20951.033
16235,48274.312
16236,5822.894
16237,138460.36
16238,21662.645
16239,7328.381
16240,5504.616
16241,11244.169
16242,12638.808
16243,3044.2239
16244,5442.9775
16245,9879.066
16246,6523.3203
16247,6217.2
16248,11127.039
16249,6430.724
16250,8526.097
16251,13257.74
16252,11213.906
16253,7251.028
16254,8223.953
16255,5333.1724
16256,14143.537
16257,13824.377
16258,3309.5955
16259,2079.45
16260,19629.389
16261,4707.101
16262,4234.792
16263,5948.115
16264,17920.137
16265,13576.204
16266,14898.305
16267,9056.734
16268,41653.883
16269,4401.725
16270,5211.385
16271,12823.499
16272,7109.7227
16273,7325.078
16274,11028.236
16275,14331.361
16276,7335.0806
16277,63537.71
16278,16558.742
16279,3201.7175
16280,3055.071
16281,81944.66
16282,48302.35
16283,15947.832
16284,30702.576
16285,4546.268
16286,7391.833
16287,5029.77
16288,1884.9968
16289,8123.8184
16290,15368.361
16291,13656.128
16292,21014.957
16293,19292.547
16294,9503.986
16295,4927.737
16296,10339.769
16297,14701.964
16298,13751.265
16299,6930.9395
16300,31071.25
16301,8959.4
16302,11233.637
16303,8401.04
16304,5472.2236
16305,5364.362
16306,38891.215
16307,4874.5005
16308,5588.6714
16309,11071.454
16310,19709.08
16311,17223.848
16312,2865.9216
16313,9991.517
16314,84991.32
16315,14037.23
16316,10758.206
16317,17723.17
16318,7043.549
16319,6553.197
16320,12777.533
16321,7317.871
16322,1302.1467
16323,14849.4
16324,7562.1504
16325,73829.7
16326,8011.1636
16327,8517.855
16328,6037.5264
16329,3463.3506
16330,48774.77
16331,10816.572
16332,13415.251
16333,128984.016
16334,14387.086
16335,12180.82
16336,9310.447
16337,7088.3584
16338,14459.822
16339,8422.139
16340,12671.526
16341,18764.479
16342,5290.225
16343,14708.672
16344,19393.137
16345,17402.18
16346,153871.14
16347,23120.668
16348,1507.9373
16349,3107.4734
16350,9536.035
16351,7424.8066
16352,13985.127
16353,12996.51
16354,8199.3545
16355,6815.2197
16356,7574.0293
16357,15201.462
16358,9051.142
16359,10795.533
16360,7829.2334
16361,6986.259
16362,6158.5625
16363,4090.8655
16364,12871.599
16365,18795.59
16366,6039.0796
16367,19577.896
16368,14912.452
16369,7257.714
16370,7191.3896
16371,73517.08
16372,25317.203
16373,7015.4375
16374,63612.33
16375,13338.531
16376,7273.582
16377,2626.8396
16378,11656.795
16379,36397.04
16380,5118.493
16381,13004.417
16382,5156.882
16383,17857.879
16384,11025.102
16385,1522.4236
16386,7483.7676
16387,8016.631
16388,3244.598
16389,4899.6855
16390,13509.273
16391,20695.287
16392,14607.645
16393,37391.203
16394,43553.008
16395,9475.025
16396,12761.503
16397,5025.4316
16398,3141.4631
16399,14139.448
16400,3600.1091
16401,4837.762
16402,3840.4307
16403,9835.839
16404,6353.832
16405,5249.1543
16406,5387.49
16407,5494.3745
16408,10534.059
16409,13001.957
16410,11544.167
16411,79336.945
16412,24180.06
16413,10860.548
16414,3418.1726
16415,11159.133
16416,13070.969
16417,12091.381
16418,3922.0305
16419,1447.7839
16420,18362.465
16421,3094.8
16422,18838.547
16423,6033.391
16424,9196.869
16425,7463.039
16426,20773.168
16427,6845.094
16428,13143.328
16429,5361.405
16430,11825.951
16431,14983.906
16432,5534.008
16433,128392.95
16434,10013.395
16435,8264.016
16436,84182.195
16437,19196.242
16438,6333.7573
16439,3221.2244
16440,50114.97
16441,6214.531
16442,7310.1396
16443,4037.8948
16444,8843.137
16445,8013.7334
16446,64282.234
16447,10938.514
16448,7122.0522
16449,14730.174
16450,5513.1177
16451,7064.6973
16452,13442.979
16453,8598.138
16454,3177.1033
16455,11800.15
16456,3485.0706
16457,9885.119
16458,123500.94
16459,13903.537
16460,7637.025
16461,5497.658
16462,75005.055
16463,1416.0912
16464,3650.0261
16465,5608.6807
16466,21399.775
16467,5867.0996
16468,5521.4976
16469,62453.64
16470,6716.2773
16471,9143.86
16472,9936.683
16473,10465.242
16474,8669.148
16475,62340.668
16476,14633.934
16477,6223.8203
16478,3720.5842
16479,58352.75
16480,11689.203
16481,15748.769
16482,30108.77
16483,7558.494
16484,5684.5137
16485,115210.5
16486,9456.884
16487,15378.6
16488,4342.674
16489,14959.824
16490,13604.079
16491,19716.87
16492,12392.979
16493,10459.006
16494,61341.57
16495,8553.592
16496,2049.2805
16497,2796.2136
16498,2683.1545
16499,8408.879
16500,8471.958
16501,12474.274
16502,10916.273
16503,3151.0325
16504,12959.729
16505,1692.0159
16506,19257.031
16507,15908.679
16508,5495.884
16509,4723.132
16510,3707.2993
16511,3179.2896
16512,24346.613
16513,104963.92
16514,41415.363
16515,2920.5833
16516,40589.96
16517,22570.836
16518,5558.8
16519,10621.519
16520,8182.8833
16521,9856.889
16522,15806.592
16523,6950.4146
16524,3020.1404
16525,13650.227
16526,9868.448
16527,8478.658
16528,6530.908
16529,19625.543
16530,8957.558
16531,12381.365
16532,12904.897
16533,3686.029
16534,6036.1343
16535,62961.43
16536,17857.61
16537,8774.797
16538,10327.066
16539,16513.752
16540,2114.9285
16541,1294.7605
16542,9762.158
16543,10995.381
16544,14059.238
16545,124079.05
16546,10916.779
16547,6613.5215
16548,6709.2793
16549,9480.342
16550,12862.475
16551,1568.1609
16552,13104.988
16553,24415.938
16554,14668.6045
16555,23383.154
16556,7725.5293
16557,57643.473
16558,18847.934
16559,40637.582
16560,6153.9653
16561,17209.748
16562,19167.926
16563,5920.626
16564,82093.32
16565,6354.6763
16566,12334.497
16567,5682.8467
16568,9909.763
16569,4762.4707
16570,7411.099
16571,6358.1826
16572,19613.695
16573,10563.82
16574,13664.49
16575,19231.438
16576,8237.385
16577,12532.667
16578,16802.45
16579,7053.2393
16580,6041.6626
16581,11629.307
16582,4638.3047
16583,11422.33
16584,12406.852
16585,98709.95
16586,2307.032
16587,67659.53
16588,10466.283
16589,6900.137
16590,7743.1357
16591,6607.2676
16592,2029.3401
16593,57889.062
16594,24230.227
16595,18715.902
16596,4589.5103
16597,22332.184
16598,12701.559
16599,20006.46
16600,6856.784
16601,3782.8303
16602,6537.4043
16603,10013.215
16604,3662.0115
16605,14327.511
16606,4069.2263
16607,22212.18
16608,2876.6924
16609,23661.932
16610,9700.492
16611,6664.1973
16612,7329.2407
16613,59672.543
16614,4398.441
16615,10484.716
16616,6724.911
16617,6415.459
16618,2708.2961
16619,29045.285
16620,6987.623
16621,4782.8115
16622,14121.002
16623,8669.939
16624,8406.119
16625,5122.7275
16626,7676.0483
16627,133285.98
16628,9517.423
16629,9665.997
16630,4310.8804
16631,40219.996
16632,79357.56
16633,5384.4927
16634,10318.987
16635,5215.9023
16636,4066.8088
16637,10086.143
16638,6955.2363
16639,18891.877
16640,51248.79
16641,16002.295
16642,2145.061
16643,5844.3154
16644,13545.36
16645,2157.375
16646,3156.8933
16647,5855.9136
16648,10229.994
16649,10666.834
16650,6676.1494
16651,76131.33
16652,13516.731
16653,12290.689
16654,5394.652
16655,3615.3792
16656,8512.812
16657,11028.18
16658,99759.56
16659,4966.66
16660,9284.208
16661,9298.458
16662,4143.7812
16663,11971.161
16664,11462.302
16665,13673.816
16666,9323.087
16667,1930.6775
16668,8254.151
16669,3127.8948
16670,5531.449
16671,3512.4153
16672,24519.945
16673,9677.488
16674,5465.3057
16675,6203.0244
16676,15297.429
16677,15893.342
16678,12029.58
16679,12147.313
16680,2787.8777
16681,10252.223
16682,57399.79
16683,9391.264
16684,8689.824
16685,16717.988
16686,3841.7507
16687,13147.786
16688,90764.125
16689,2963.3572
16690,4830.1035
16691,1583.4363
16692,4078.6096
16693,6466.341
16694,50036.71
16695,22852.55
16696,1972.0261
16697,5201.3613
16698,8882.054
16699,14777.323
16700,15266.092
16701,14713.717
16702,21416.982
16703,42919.156
16704,16636.357
16705,10162.521
16706,46934.93
16707,83700.086
16708,23655.676
16709,108602.984
16710,17308.871
16711,11009.76
16712,12417.772
16713,6017.4688
16714,14254.642
16715,66577.09
16716,20771.023
16717,3999.0012
16718,5927.0137
16719,9773.949
16720,2139.1118
16721,14956.553
16722,19098.365
16723,31605.986
16724,7007.303
16725,166832.31
16726,11484.84
16727,2435.1404
16728,4397.7446
16729,4967.6367
16730,5231.078
16731,10653.408
16732,6114.1143
16733,35652.406
16734,12009.875
16735,6426.527
16736,12402.115
16737,1494.887
16738,3568.569
16739,9700.601
16740,12036.176
16741,10386.33
16742,1632.6116
16743,121123.22
16744,11657.504
16745,6707.2236
16746,20537.793
16747,4158.642
16748,4730.384
16749,3186.8342
16750,9629.448
16751,11229.508
16752,139469.17
16753,5880.6133
16754,9305.439
16755,8109.255
16756,5161.0566
16757,14799.604
16758,15270.572
16759,6743.4863
16760,3866.2332
16761,5446.774
16762,5432.4355
16763,4205.6157
16764,24352.805
16765,9354.627
16766,3212.338
16767,9967.779
16768,7067.7344
16769,5197.405
16770,62498.1
16771,105956.95
16772,8530.328
16773,2736.0603
16774,3925.7122
16775,19393.453
16776,11041.183
16777,13713.795
16778,4609.638
16779,12832.629
16780,79176.41
16781,16369.026
16782,5677.222
16783,15760.287
16784,5376.2544
16785,2828.9812
16786,5285.405
16787,6798.486
16788,50491.875
16789,9064.984
16790,5415.3486
16791,19650.293
16792,16027.123
16793,1704.0254
16794,5461.4307
16795,4877.9624
16796,18139.867
16797,4897.866
16798,4167.462
16799,82168.59
16800,6931.408
16801,2232.651
16802,65119.695
16803,10180.456
16804,7545.013
16805,49815.023
16806,11350.969
16807,2670.4006
16808,6738.4487
16809,10041.415
16810,5843.801
16811,6941.355
16812,7178.6914
16813,3035.7449
16814,3724.386
16815,3831.989
16816,11498.756
16817,7388.289
16818,6097.8457
16819,10258.974
16820,9355.598
16821,59372.96
16822,11599.244
16823,3069.3452
16824,2629.9734
16825,9791.471
16826,150613.03
16827,57240.016
16828,118613.54
16829,4845.0146
16830,16428.623
16831,8140.98
16832,6605.436
16833,7800.291
16834,10377.184
16835,2271.1467
16836,17280.46
16837,9038.51
16838,61284.13
16839,29408.678
16840,8444.414
16841,1499.0281
16842,7213.468
16843,17514.238
16844,7732.712
16845,2564.8894
16846,955.4685
16847,11992.408
16848,13170.419
16849,7584.5156
16850,3130.6804
16851,4128.957
16852,20794.762
16853,5143.17
16854,26724.273
16855,15863.629
16856,5668.6445
16857,2704.6833
16858,4973.868
16859,3125.152
16860,4800.908
16861,5114.578
16862,5355.2236
16863,2714.034
16864,12878.882
16865,11405.333
16866,11166.685
16867,3361.5261
16868,28975.988
16869,7220.8174
16870,12025.834
16871,3982.0496
16872,2297.536
16873,5246.7812
16874,12432.4375
16875,8450.545
16876,5763.095
16877,3721.2
16878,10405.568
16879,1731.2546
16880,25917.4
16881,50613.914
16882,8643.134
16883,21971.844
16884,12414.972
16885,10383.217
16886,8547.129
16887,11126.0625
16888,94482.27
16889,5717.4307
16890,7973.399
16891,7490.094
16892,3350.9524
16893,7116.1523
16894,8155.495
16895,7634.6084
16896,9048.299
16897,12525.496
16898,6671.75
16899,7915.3
16900,16169.166
16901,3943.349
16902,2739.427
16903,4497.951
16904,6284.3555
16905,3807.1902
16906,57817.727
16907,39540.43
16908,66400.23
16909,7364.6353
16910,15906.884
16911,11057.582
16912,3462.403
16913,5952.9536
16914,132504.61
16915,50479.53
16916,15529.332
16917,35845.32
16918,4004.9436
16919,6169.495
16920,6439.0776
16921,9784.032
16922,6103.005
16923,11850.282
16924,97557.67
16925,11235.981
16926,17960.84
16927,16457.098
16928,5417.3345
16929,6872.0283
16930,11140.563
16931,5411.401
16932,70719.57
16933,4047.138
16934,18521.668
16935,13288.221
16936,11553.018
16937,8704.043
16938,64504.82
16939,6650.925
16940,14560.337
16941,2264.4773
16942,2758.0703
16943,22806.865
16944,5999.258
16945,7807.415
16946,54190.324
16947,10837.359
16948,3353.9626
16949,2311.0183
16950,9156.774
16951,19700.195
16952,2791.8972
16953,8396.979
16954,11450.361
16955,11376.816
16956,13572.194
16957,5904.5605
16958,10145.996
16959,1752.3562
16960,120565.055
16961,11755.121
16962,5906.9707
16963,16381.88
16964,60683.125
16965,71122.95
16966,11015.533
16967,9018.786
16968,3774.654
16969,4672.8413
16970,1675.4456
16971,8853.913
16972,6945.1855
16973,10284.867
16974,2308.6228
16975,11807.19
16976,25512.484
16977,8829.748
16978,7630.258
16979,44979.332
16980,9028.175
16981,10106.387
16982,18818.426
16983,1899.2234
16984,5089.9043
16985,6312.378
16986,6212.4014
16987,2078.528
16988,8639.102
16989,3663.6125
16990,9440.672
16991,4985.65
16992,2101.2068
16993,9121.262
16994,14719.121
16995,10993.164
16996,12805.32
16997,5039.8574
16998,2723.3567
16999,4397.001
17000,7923.1533
17001,13532.55
17002,22539.947
17003,88337.44
17004,2030.2913
17005,9128.801
17006,2731.8416
17007,8091.497
17008,4496.954
17009,14132.369
17010,3016.569
17011,17405.152
17012,9714.978
17013,11741.873
17014,7939.316
17015,18281.105
17016,7869.2896
17017,12738.815
17018,13421.836
17019,6509.2397
17020,8439.176
17021,1058.4666
17022,6490.148
17023,2636.9343
17024,13609.976
17025,12138.765
17026,8048.3936
17027,43109.016
17028,7707.3784
17029,23625.875
17030,26587.805
17031,2862.644
17032,19336.816
17033,10208.732
17034,157752.89
17035,2509.909
17036,18519.68
17037,12432.613
17038,22117.145
17039,58690.273
17040,7570.0303
17041,6415.6396
17042,37561.945
17043,8891.705
17044,15410.463
17045,15503.031
17046,10690.241
17047,3467.6545
17048,8763.865
17049,5537.4004
17050,3986.1619
17051,9521.946
17052,11642.318
17053,8236.949
17054,25694.68
17055,8904.967
17056,8146.76
17057,40250.902
17058,8030.4033
17059,17663.61
17060,40130.3
17061,76078.266
17062,21700.307
17063,7074.852
17064,106815.44
17065,10702.725
17066,10462.734
17067,12130.791
17068,8669.788
17069,4454.697
17070,11367.722
17071,5163.6084
17072,6434.2983
17073,6703.7695
17074,6217.2144
17075,6405.2036
17076,5164.764
17077,7635.04
17078,3476.244
17079,12726.774
17080,5499.789
17081,11319.231
17082,10481.773
17083,3395.65
17084,9306.898
17085,2101.4216
17086,11470.538
17087,21208.697
17088,6254.093
17089,11926.854
17090,2289.262
17091,4453.7114
17092,8125.869
17093,6899.066
17094,64545.203
17095,8941.585
17096,5709.221
17097,2778.2976
17098,3052.742
17099,8125.6196
17100,132383.33
17101,7428.702
17102,53649.69
17103,2679.829
17104,3159.1755
17105,5791.428
17106,2001.9707
17107,16629.508
17108,6653.999
17109,18049.004
17110,4358.599
17111,1598.6631
17112,3674.5269
17113,106807.05
17114,2474.3362
17115,7608.445
17116,29204.129
17117,14173.352
17118,4178.0186
17119,4896.6406
17120,9395.363
17121,13363.587
17122,7383.6846
17123,13884.785
17124,5047.128
17125,5828.3096
17126,14491.015
17127,13518.503
17128,12507.244
17129,13479.729
17130,15915.726
17131,3305.4797
17132,11171.004
17133,8234.227
17134,6829.2197
17135,30821.877
17136,5605.965
17137,9845.268
17138,53114.984
17139,136772.44
17140,8278.09
17141,11878.604
17142,35180.203
17143,12816.182
17144,6501.999
17145,13057.79
17146,18375.328
17147,5489.436
17148,3523.305
17149,5650.4004
17150,6143.999
17151,14551.409
17152,4223.0806
17153,5489.158
17154,2127.9656
17155,14624.753
17156,7091.376
17157,7117.8076
17158,7898.0605
17159,18703.55
17160,12500.386
17161,2668.4246
17162,2739.887
17163,7297.1323
17164,42545.13
17165,15815.065
17166,36701.207
17167,30970.164
17168,5452.6895
17169,8250.094
17170,1431.6575
17171,6948.574
17172,4798.874
17173,11456.9
17174,7693.648
17175,15458.401
17176,86214.17
17177,10595.244
17178,11210.706
17179,1533.6658
17180,10522.6045
17181,139065.73
17182,47380.137
17183,1697.9651
17184,14278.136
17185,11331.107
17186,72072.28
17187,4931.373
17188,12657.486
17189,35751.64
17190,10258.355
17191,30613.062
17192,6578.538
17193,3687.344
17194,6974.2144
17195,13695.018
17196,8839.148
17197,1793.5615
17198,5239.243
17199,13618.297
17200,7726.3105
17201,9223.881
17202,51283.02
17203,46187.68
17204,23168.3
17205,12622.465
17206,5597.8994
17207,11175.391
17208,13339.32
17209,5600.3057
17210,5805.9263
17211,11448.564
17212,3922.9778
17213,19615.188
17214,6222.5903
17215,9906.394
17216,17482.834
17217,7907.6006
17218,4708.1616
17219,18210.307
17220,28095.441
17221,21742.553
17222,56433.46
17223,124473.21
17224,76695.5
17225,4661.994
17226,50777.742
17227,5596.14
17228,5832.1367
17229,10540.792
17230,98959.64
17231,26728.273
17232,3187.8274
17233,5846.828
17234,8002.6777
17235,83234
17236,20503.012
17237,124215.08
17238,7659.1504
17239,20354.246
17240,11558.523
17241,5785.5347
17242,6671.5576
17243,4758.164
17244,10596.945
17245,13695.681
17246,78159.22
17247,2972.6418
17248,21327.762
17249,9541.453
17250,7938.173
17251,3829.9177
17252,1085.9939
17253,6988.4995
17254,11867.03
17255,14047.1045
17256,2902.8333
17257,10128.841
17258,9088.945
17259,827.5051
17260,8291.798
17261,4245.016
17262,8099.422
17263,6578.2197
17264,43318.04
17265,10369.882
17266,9111.442
17267,9816.887
17268,9242.722
17269,11915.915
17270,1698.4822
17271,9395.3
17272,4259.7334
17273,3661.1208
17274,21363.924
17275,17256.16
17276,10886.114
17277,8651.53
17278,9983.797
17279,11912.423
17280,17111.26
17281,10601.474
17282,17659.086
17283,11324.468
17284,6215.586
17285,12738.191
17286,12513.887
17287,9260.684
17288,62130.14
17289,7323.0723
17290,9434.218
17291,17851.188
17292,7602.3555
17293,12404.13
17294,16504.941
17295,7095.962
17296,18332.877
17297,6923.495
17298,15296.137
17299,21601.852
17300,6085.5566
17301,7127.9243
17302,7855.0967
17303,10868.735
17304,11067.931
17305,83607.11
17306,7186.4053
17307,4005.4368
17308,7462.8267
17309,11639.847
17310,117525.78
17311,18370.033
17312,8543.062
17313,7619.3945
17314,8922.668
17315,7330.5586
17316,6416.9688
17317,28817.605
17318,8854.931
17319,6490.5415
17320,1815.8284
17321,9516.031
17322,2493.2908
17323,20718.168
17324,107363.484
17325,12569.465
17326,8296.1875
17327,6536.844
17328,19147.982
17329,5621.406
17330,11116.89
17331,129901.766
17332,5748.1353
17333,2306.6023
17334,22511.336
17335,11618.038
17336,4191.048
17337,10543.322
17338,17170.14
17339,9110.955
17340,15638.564
17341,2402.7732
17342,4419.575
17343,19641.773
17344,14352.408
17345,15096.132
17346,2089.1858
17347,76906.85
17348,9381.363
17349,11633.73
17350,43547.695
17351,147887.72
17352,33567.164
17353,3673.848
17354,8766.69
17355,19156.758
17356,15145.762
17357,11200.683
17358,14776.11
17359,16649.86
17360,92424.64
17361,6626.9873
17362,2890.3406
17363,5954.6973
17364,13310.708
17365,13356.028
17366,15106.352
17367,12872.695
17368,1602.6707
17369,107537.76
17370,6186.6553
17371,8050.977
17372,16149.154
17373,16669.193
17374,13934.46
17375,10334.726
17376,20466.39
17377,11302.356
17378,90686.11
17379,8165.7866
17380,5486.7515
17381,6494.5225
17382,11129.439
17383,11607.008
17384,12483.57
17385,9357.687
17386,107378.33
17387,17711.54
17388,8393.704
17389,12678.438
17390,9556.41
17391,23876.236
17392,5976.2334
17393,108612.56
17394,10496.99
17395,10670.556
17396,2873.8245
17397,15508.157
17398,4828.0293
17399,2139.493
17400,19707.754
17401,17260.336
17402,6442.1416
17403,33136.277
17404,10575.785
17405,8417.634
17406,2813.0325
17407,9590.65
17408,40630.83
17409,8876.266
17410,7768.259
17411,8332.656
17412,38366.547
17413,8686.483
17414,11393.912
17415,8464.623
17416,18670.652
17417,10080.495
17418,10553.709
17419,10619.465
17420,6612.473
17421,7522.855
17422,9137.573
17423,34457.33
17424,10486.402
17425,9748.104
17426,11254.656
17427,10768.318
17428,7518.5107
17429,57682.223
17430,6854.5825
17431,43178.746
17432,6695.659
17433,11335.766
17434,62106.734
17435,5290.67
17436,3756.9822
17437,9619.556
17438,10622.482
17439,7914.969
17440,5319.9424
17441,42400.355
17442,14678.108
17443,19463.863
17444,16383.824
17445,7966.7134
17446,17705.965
17447,9117.893
17448,67734.37
17449,9802.296
17450,9983.51
17451,127383.84
17452,21925.129
17453,3472.2058
17454,3823.457
17455,10032.002
17456,1801.8298
17457,60558.75
17458,65874.625
17459,10584.674
17460,6500.532
17461,9978.601
17462,6539.073
17463,40078.04
17464,11344.794
17465,18807.41
17466,17450.68
17467,10859.232
17468,42244.48
17469,8341.439
17470,4450.2305
17471,4988.2983
17472,14856.334
17473,8750.018
17474,14751.639
17475,71056.195
17476,8218.975
17477,6479.111
17478,22851.838
17479,3037.3674
17480,24762.719
17481,9001.648
17482,17098.855
17483,5170.452
17484,11239.763
17485,4585.797
17486,6077.802
17487,13319.862
17488,7881.998
17489,14637.382
17490,25028.93
17491,3085.0193
17492,3994.2175
17493,14875.502
17494,4469.6743
17495,2756.6921
17496,90973.57
17497,8844.757
17498,10421.887
17499,16716.34
17500,7084.005
17501,4654.1245
17502,3797.4739
17503,8309.494
17504,20306.473
17505,11125.838
17506,26832.047
17507,4277.5576
17508,112701.64
17509,9801.266
17510,6741.6685
17511,11769.391
17512,2804.5957
17513,11919.109
17514,11005.867
17515,10319.245
17516,3099.033
17517,23747.82
17518,15442.499
17519,12072.372
17520,14086.106
17521,7517.63
17522,23019.908
17523,5299.574
17524,51657.21
17525,9301.916
17526,8912.652
17527,16094.229
17528,2036.5054
17529,13146.03
17530,8023.257
17531,16511.496
17532,6896.5874
17533,93358.92
17534,6335.1914
17535,4683.709
17536,102843.305
17537,5175.461
17538,4548.043
17539,7819.882
17540,5346.9663
17541,5032.026
17542,50407.098
17543,120558.23
17544,11546.79
17545,6911.378
17546,14545.824
17547,22696.707
17548,4423.8564
17549,10117.793
17550,4172.994
17551,7968.0586
17552,1141.5911
17553,17046.035
17554,10877.614
17555,13713.434
17556,11742.821
17557,15643.154
17558,9801.479
17559,3062.2632
17560,55679.043
17561,64435.582
17562,2987.196
17563,33509.555
17564,6554.908
17565,4068.9436
17566,6515.2275
17567,5384.879
17568,9961.591
17569,101530.586
17570,13494.367
17571,28650.559
17572,36271.906
17573,9784.439
17574,7095.6807
17575,7563.8423
17576,2231.5095
17577,26439.727
17578,6305.026
17579,7365.307
17580,9998.109
17581,41235.67
17582,123237.336
17583,10657.382
17584,66241.586
17585,19318.852
17586,5464.1963
17587,6057.3516
17588,19663.064
17589,7053.961
17590,22649.824
17591,8997.757
17592,6422.5166
17593,14985.789
17594,9401.139
17595,6197.552
17596,1329.6948
17597,11918.227
17598,8350.884
17599,9129.655
17600,8687.418
17601,4945.504
17602,8801.004
17603,83151.5
17604,15735.571
17605,4312.7715
17606,9833.125
17607,6062.6787
17608,26786.178
17609,12860.407
17610,20954.855
17611,4715.1562
17612,12768.196
17613,5990.106
17614,17964.797
17615,10998.733
17616,11866.9375
17617,5146.2627
17618,6807.0957
17619,1390.5168
17620,6052.5977
17621,5351.1816
17622,17581.145
17623,7501.0737
17624,7073.4746
17625,6187.9478
17626,10121.877
17627,17966.336
17628,5341.3623
17629,10187.518
17630,9320.318
17631,5447.709
17632,6137.879
17633,13121.111
17634,5551.5024
17635,9912.17
17636,15266.297
17637,48213.543
17638,7865.285
17639,5472.6006
17640,1775.7307
17641,11083.6455
17642,9523.397
17643,15690.679
17644,11757.672
17645,8355.222
17646,9975.324
17647,41391.45
17648,15345.106
17649,8664.008
17650,4252.167
17651,13585.127
17652,5566.0107
17653,2501.1145
17654,153765.86
17655,14058.525
17656,22416.006
17657,59274.41
17658,3928.663
17659,13097.386
17660,9910.74
17661,5605.9014
17662,1444.4583
17663,87913.766
17664,4870.7197
17665,4494.39
17666,5785.698
17667,16887.291
17668,16099.257
17669,3677.3672
17670,4436.8994
17671,4605.7397
17672,9889.881
17673,15800.47
17674,6615.257
17675,61825.07
17676,15731.132
17677,3525.322
17678,8536.547
17679,9306.633
17680,4800.687
17681,14093.737
17682,7192.7134
17683,28361.936
17684,19068.086
17685,8877.885
17686,3560.3918
17687,6748.9595
17688,9441.605
17689,11195.727
17690,10954.923
17691,5055.429
17692,4128.862
17693,15523.586
17694,3352.182
17695,146213.88
17696,34207.242
17697,99409.25
17698,11135.766
17699,9865.135
17700,11847.257
17701,11656.882
17702,15293.71
17703,9210.991
17704,45191.336
17705,4314.566
17706,8776.504
17707,12921.781
17708,7756.593
17709,10892.235
17710,19963.414
17711,16403.906
17712,6706.256
17713,153774.89
17714,7231.5156
17715,5869.1562
17716,4431.645
17717,5064.3057
17718,1552.1396
17719,6330.5615
17720,8533.23
17721,14304.916
17722,11279.509
17723,13778.321
17724,4587.6445
17725,3344.201
17726,4977.13
17727,11532.974
17728,40966.867
17729,2234.4316
17730,11253.652
17731,3503.4177
17732,10698.338
17733,2560.5437
17734,12231.961
17735,13297.966
17736,5231.0684
17737,21375.96
17738,13079.514
17739,9529.525
17740,7642.4004
17741,28700.844
17742,7503.5186
17743,82794.99
17744,87004.85
17745,9539.779
17746,36561.652
17747,10290.071
17748,5026.1577
17749,11015.406
17750,10887.998
17751,2058.323
17752,15330.333
17753,4692.741
17754,14982.254
17755,16583.088
17756,7902.462
17757,16496.969
17758,7186.41
17759,6980.1865
17760,5100.883
17761,3560.1746
17762,9538.393
17763,7645.89
17764,5932.5396
17765,11260.061
17766,1297.9714
17767,88032.17
17768,8250.096
17769,9062.348
17770,15960.402
17771,93228.08
17772,1563.144
17773,15233.465
17774,4522.784
17775,15711.389
17776,2413.959
17777,6937.839
17778,5711.5967
17779,145267.06
17780,5727.561
17781,74599.39
17782,14202.057
17783,2729.934
17784,19074.154
17785,18037.914
17786,13739.897
17787,6153.9004
17788,44159.98
17789,27316.986
17790,6449.752
17791,120622.055
17792,127880.23
17793,655.09863
17794,10120.136
17795,3962.3196
17796,10763.914
17797,2662.595
17798,9165.305
17799,6330.6904
17800,12958.07
17801,15696.117
17802,6973.1133
17803,14058.365
17804,7468.5464
17805,4772.555
17806,4914.5312
17807,21872.723
17808,12433.507
17809,21062.64
17810,11247.868
17811,7228.876
17812,2685.652
17813,3504.7068
17814,13928.161
17815,7552.2363
17816,10705.753
17817,3591.903
17818,37286.992
17819,6415.005
17820,7291.1514
17821,6114.1494
17822,14530.207
17823,144741.27
17824,6618.841
17825,9877.715
17826,4543.923
17827,1167.2839
17828,4695.462
17829,7026.1367
17830,11377.217
17831,4405.1826
17832,99786.83
17833,19779.98
17834,5029.0703
17835,9143.551
17836,6022.257
17837,4972.031
17838,11279.139
17839,56134.445
17840,15451.092
17841,60672.344
17842,9299.99
17843,13156.057
17844,4884.857
17845,8321.766
17846,3476.0696
17847,5132.3906
17848,10640.301
17849,17109.14
17850,20562.412
17851,14698.582
17852,6443.017
17853,6627.6284
17854,62081.637
17855,2977.368
17856,8474.527
17857,88910.86
17858,9891.922
17859,4449.959
17860,11362.041
17861,23561.6
17862,6279.7935
17863,9985.724
17864,3194.512
17865,11524.086
17866,12217.826
17867,5786.1323
17868,3264.4873
17869,8322.418
17870,10159.1
17871,16452.477
17872,11657.133
17873,7352.6543
17874,13671.427
17875,20101.197
17876,6446.001
17877,7433.912
17878,18710.367
17879,8857.528
17880,13730.225
17881,7674.6475
17882,4919.8975
17883,42192.85
17884,12393.4795
17885,8538.488
17886,19154.812
17887,8370.007
17888,2800.577
17889,31411.398
17890,5860.8706
17891,2042.5447
17892,8147.8286
17893,7681.6797
17894,61951.266
17895,5386.9395
17896,9147.674
17897,10823.629
17898,4585.659
17899,8693.581
17900,14356.695
17901,27927.607
17902,3305.8425
17903,8281.738
17904,40673.395
17905,11897.355
17906,82305.36
17907,6344.107
17908,8660.761
17909,19495.352
17910,18339.395
17911,85804.03
17912,3139.572
17913,5814.4077
17914,96318.53
17915,12570.125
17916,5875.598
17917,5300.543
17918,5332.678
17919,9152.881
17920,16800.395
17921,116288.61
17922,18084.969
17923,2563.4158
17924,4402.3955
17925,42177.18
17926,1005.24
17927,7880.241
17928,14239.821
17929,89522.01
17930,6390.174
17931,3847.3054
17932,11228.268
17933,5250.1953
17934,21901.107
17935,20794.87
17936,4388.8213
17937,86282.59
17938,4399.6836
17939,7175.923
17940,144468.61
17941,13788.385
17942,14026.215
17943,61490.273
17944,11967.675
17945,32365.02
17946,2827.2373
17947,9780.055
17948,8768.136
17949,10650.8125
17950,4224.218
17951,113359.47
17952,12204.525
17953,19681.492
17954,14432.253
17955,8780.861
17956,10757.412
17957,116134.625
17958,7706.289
17959,7123.571
17960,8313.811
17961,8101.1943
17962,13888.304
17963,8032.4365
17964,28965.125
17965,6718.936
17966,15678.55
17967,19217.08
17968,49308.4
17969,63002.258
17970,10887.861
17971,13796.953
17972,40413.617
17973,17736.594
17974,13642.316
17975,58825.52
17976,9237.602
17977,16958.354
17978,38742.15
17979,12970.98
17980,7266.628
17981,7061.0635
17982,21936.879
17983,2194.614
17984,48412.22
17985,111286.3
17986,7505.5093
17987,8339.404
17988,7500.872
17989,139681.64
17990,2313.4421
17991,12511.965
17992,5142.627
17993,16392.828
17994,9913.061
17995,6952.8257
17996,3830.3025
17997,3529.654
17998,1897.8298
17999,8821.47
18000,10028.874
18001,3829.4255
18002,6509.5444
18003,4552.821
18004,2889.699
18005,10718.182
18006,3640.4739
18007,13907.334
18008,12739.251
18009,10474.157
18010,11134.264
18011,12453.156
18012,4402.41
18013,12262.584
18014,1085.113
18015,16121.477
18016,5177.3887
18017,23125.564
18018,8766.036
18019,3795.937
18020,5260.5645
18021,44214.4
18022,15895.595
18023,5941.9834
18024,14640.9375
18025,19328.346
18026,11309.502
18027,122606.67
18028,6763.5146
18029,10994.639
18030,12697.544
18031,16118.271
18032,7250.082
18033,2514.9177
18034,11385.501
18035,11260.123
18036,17315.115
18037,6286.125
18038,120012.78
18039,9326.855
18040,16056.286
18041,4094.3513
18042,16821.576
18043,19454.426
18044,5853.0684
18045,9033.443
18046,2158.7576
18047,13195.039
18048,8362.055
18049,9168.393
18050,9457.637
18051,13565.252
18052,12326.719
18053,62782.734
18054,7190.7886
18055,15637.064
18056,7275.0405
18057,5128.3613
18058,1950.9138
18059,10236.166
18060,9698.769
18061,48199.18
18062,8912.809
18063,14388.13
18064,4363.519
18065,7765.9746
18066,34919.156
18067,14959.215
18068,5035.7383
18069,1509.2595
18070,9919.51
18071,7788.3936
18072,13892.722
18073,5876.949
18074,39734.48
18075,1847.1096
18076,7822.885
18077,6837.9824
18078,14801.057
18079,7781.2275
18080,5909.279
18081,10622.887
18082,12996.967
18083,2697.995
18084,2081.4014
18085,8018.499
18086,5156.6094
18087,2044.7214
18088,10646.501
18089,36583.594
18090,8943.102
18091,11844.104
18092,11569.813
18093,23793.96
18094,7938.8506
18095,13229.573
18096,17161.723
18097,16531.598
18098,2032.5955
18099,13160.322
18100,13600.556
18101,4590.266
18102,18607.73
18103,6057.76
18104,6605.569
18105,5810.705
18106,7851.3257
18107,10700.813
18108,6364.3154
18109,14511.039
18110,11090.604
18111,3520.3035
18112,16426.145
18113,16642.36
18114,4603.7363
18115,4540.3276
18116,3126.598
18117,50440.945
18118,2542.8264
18119,97922.01
18120,15593.523
18121,56926.516
18122,8699.02
18123,3235.5554
18124,7493.0225
18125,6738.6562
18126,9627.619
18127,2501.898
18128,2588.3591
18129,13297.929
18130,19504.027
18131,76868.79
18132,57030.945
18133,11133.221
18134,1983.9011
18135,49085.996
18136,60928
18137,9716.109
18138,1184.3904
18139,59797.86
18140,11975.229
18141,11247.996
18142,177083
18143,12877.734
18144,98867.39
18145,13964.599
18146,28017.082
18147,17425.81
18148,4770.764
18149,10195.484
18150,6387.071
18151,13619.24
18152,4096.2974
18153,3314.24
18154,6111.9316
18155,1558.6575
18156,3106.299
18157,12540.579
18158,3711.2517
18159,2091.8035
18160,7726.8486
18161,8245.809
18162,29536.705
18163,14110.6
18164,16223.645
18165,5269.6353
18166,6539.577
18167,61672.13
18168,2554.0002
18169,5922.7646
18170,47267.832
18171,10801.253
18172,25041.062
18173,5745.7754
18174,12795.03
18175,13074.068
18176,9057.379
18177,1752.3093
18178,2143.983
18179,51728.664
18180,10686.871
18181,4513.324
18182,2233.7
18183,6266.4946
18184,13143.915
18185,1114.4744
18186,3104.3137
18187,8619.637
18188,90441.164
18189,3025.2441
18190,8057.545
18191,11731.308
18192,14568.182
18193,6844.134
18194,22167.264
18195,18999.096
18196,95504.45
18197,1847.9333
18198,16265.861
18199,4213.602
18200,9619.116
18201,1510.6716
18202,5568.702
18203,49718.312
18204,7721.5
18205,8993.787
18206,15895.231
18207,5448.132
18208,2031.5193
18209,7888.7812
18210,3998.8982
18211,6505.125
18212,42910.406
18213,4011.953
18214,14538.842
18215,11025.314
18216,30999.531
18217,14318.092
18218,14800.535
18219,9211.27
18220,3304.3386
18221,11394.584
18222,9716.658
18223,81037.32
18224,8880.084
18225,11153.423
18226,17764.033
18227,5143.7144
18228,10152.083
18229,4168.92
18230,20641.11
18231,8677.177
18232,53386.734
18233,5718.9814
18234,4243.464
18235,8669.404
18236,6544.955
18237,8190.5312
18238,10213.498
18239,16236.196
18240,12671.577
18241,4771.4204
18242,6455.887
18243,10449.342
18244,13853.397
18245,11691.504
18246,8441.18
18247,73218.266
18248,15034.725
18249,5960.67
18250,39673.96
18251,4291.9233
18252,18643.438
18253,12830.529
18254,19268.148
18255,10713.026
18256,11501.529
18257,96418.3
18258,2462.6423
18259,8341.052
18260,6561.708
18261,5717.1396
18262,16247.498
18263,18671.723
18264,13173.564
18265,112481.49
18266,12607.967
18267,11858.461
18268,5095.823
18269,6436.907
18270,5129.871
18271,10367.604
18272,127613.234
18273,11290.446
18274,18215.785
18275,2363.174
18276,17942.168
18277,6090.0156
18278,10987.281
18279,4703.831
18280,6956.716
18281,8905.936
18282,5835.57
18283,52331.98
18284,8910.317
18285,13684.929
18286,8780.92
18287,6676.2373
18288,12927.529
18289,11320.678
18290,7377.566
18291,10322.038
18292,12896.137
18293,18196.668
18294,10380.505
18295,73174.82
18296,14927.044
18297,8404.186
18298,85856.75
18299,11261.063
18300,1900.762
18301,2479.7085
18302,9680.838
18303,4617.9277
18304,5076.4277
18305,4439.0713
18306,16813.234
18307,9582.185
18308,18904.516
18309,10924.637
18310,8415.145
18311,13217.208
18312,12841.508
18313,10549.173
18314,6176.6577
18315,14533.84
18316,12832.318
18317,10514.268
18318,101615.766
18319,80691.73
18320,5432.4087
18321,14706.807
18322,20693.504
18323,5990.9824
18324,49346.11
18325,7477.69
18326,4375.208
18327,17589.855
18328,4182.9395
18329,9824.916
18330,9206.333
18331,12917.544
18332,8543.133
18333,14479.782
18334,11625.881
18335,64602.43
18336,2971.84
18337,14649.621
18338,4694.125
18339,2889.9707
18340,66721.305
18341,22460.48
18342,5418.8633
18343,12345.34
18344,13595.141
18345,12272.712
18346,8814.914
18347,18554.252
18348,12076.6455
18349,9826.152
18350,9818.867
18351,8093.4746
18352,8310.596
18353,13850.014
18354,7220.2275
18355,11221.39
18356,128258.36
18357,12992.771
18358,9269.826
18359,33703.734
18360,5540.0264
18361,10263.669
18362,95258.64
18363,87589.25
18364,6917.8975
18365,7009.4365
18366,4978.9287
18367,8885.307
18368,1500.3914
18369,4372.33
18370,2026.3689
18371,3824.4602
18372,7667.8047
18373,85941.27
18374,5290.75
18375,113151.19
18376,5792.0996
18377,12426.922
18378,14345.019
18379,6347.3535
18380,138442.8
18381,8913.152
18382,6907.248
18383,8971.512
18384,9580.963
18385,4156.7773
18386,10340.425
18387,10195.761
18388,1432.9043
18389,7866.75
18390,8309.441
18391,6053.8726
18392,7474.0195
18393,9433.115
18394,92403.55
18395,4733.768
18396,16405.129
18397,14081.639
18398,55414.207
18399,35911.836
18400,2479.0525
18401,66022.766
18402,10695.191
18403,7869.671
18404,5465.752
18405,92879
18406,4702.6704
18407,4747.59
18408,10897.233
18409,13982.014
18410,8035.1787
18411,26221.447
18412,7650.6426
18413,5451.4795
18414,9943.605
18415,19979.191
18416,3049.318
18417,1983.2573
18418,64114.438
18419,2104.9182
18420,9454.3955
18421,6101.418
18422,6827.658
18423,20451.773
18424,78842.14
18425,13133.779
18426,4508.339
18427,131328.7
18428,7430.155
18429,6446.4614
18430,18735.102
18431,4527.4453
18432,5073.3955
18433,8258.291
18434,10577.393
18435,8515.818
18436,9947.976
18437,11700.617
18438,10586.295
18439,12901.494
18440,12103.693
18441,81268.5
18442,53103.703
18443,19513.14
18444,3200.7107
18445,14626.224
18446,2509.5715
18447,4410.586
18448,12397.437
18449,2726.8762
18450,70074.52
18451,10195.278
18452,16157.237
18453,9173.037
18454,7281.278
18455,13811.76
18456,10259.506
18457,10699.096
18458,809.6687
18459,2060.945
18460,3868.1965
18461,9246.324
18462,11386.824
18463,5388.84
18464,1859.2478
18465,12538.99
18466,8534.926
18467,3510.116
18468,5659.4014
18469,27856.826
18470,7262.6055
18471,5015.4346
18472,100183.47
18473,6751.178
18474,5550.039
18475,12766.277
18476,11691.8125
18477,23238.34
18478,55435.58
18479,13778.688
18480,9505.578
18481,23891.977
18482,15225.89
18483,12353.731
18484,27059.242
18485,10908.891
18486,8152.0034
18487,65894.03
18488,9744.168
18489,9480.255
18490,4152.1367
18491,15776.597
18492,6639.538
18493,12439.488
18494,15482.9
18495,11454.35
18496,67679.57
18497,2046.1907
18498,7424.871
18499,60068.25
18500,8545.607
18501,12026.93
18502,2767.3738
18503,2446.2227
18504,14094.508
18505,11805.803
18506,15014.436
18507,55947.473
18508,13192.826
18509,18336.2
18510,8262.779
18511,16632.178
18512,10796.392
18513,2618.611
18514,6417.335
18515,1353.3113
18516,6515.469
18517,4474.449
18518,22752.242
18519,14080.549
18520,8729.645
18521,5103.2017
18522,101888.52
18523,10349.144
18524,4699.311
18525,1630.9324
18526,47831.805
18527,91903.72
18528,5966.6035
18529,13403.973
18530,5516.4355
18531,7068.04
18532,16515.453
18533,10386.512
18534,14682.8955
18535,5948.6978
18536,5135.25
18537,8840.352
18538,7938.828
18539,14468.004
18540,11914.539
18541,6375.8755
18542,8837.361
18543,9000.512
18544,8486.121
18545,4134.6045
18546,13629.106
18547,4164.6323
18548,3518.5095
18549,14962.52
18550,8664.611
18551,48528.742
18552,8339.304
18553,9843.424
18554,73083.19
18555,12176.481
18556,12642.086
18557,120070.75
18558,1573.4668
18559,14677.17
18560,1369.6052
18561,8003.351
18562,10711.044
18563,10794.397
18564,8293.002
18565,40690.938
18566,5593.204
18567,6917.907
18568,5772.836
18569,13346.043
18570,6527.985
18571,4576.936
18572,5680.3467
18573,5304.959
18574,2058.989
18575,6885.7656
18576,7494.274
18577,5613.84
18578,18320.262
18579,9698.558
18580,12143.043
18581,1204.4851
18582,11827.647
18583,39707.207
18584,6883.9272
18585,18310.053
18586,7719.143
18587,18093.902
18588,14516.553
18589,31058.484
18590,9277.443
18591,17228.664
18592,15122.129
18593,13814.489
18594,4136.464
18595,4722.2666
18596,2047.7717
18597,90378.05
18598,11742.832
18599,12569.539
18600,4400.0503
18601,13796.138
18602,4205.324
18603,18246.152
18604,96862.66
18605,9566.234
18606,16673.633
18607,4580.8457
18608,11575.34
18609,2777.172
18610,14895.748
18611,1577.2839
18612,19669.703
18613,12020.217
18614,16838.48
18615,3383.3489
18616,7035.872
18617,1015.18823
18618,52908.82
18619,11723.234
18620,67245.2
18621,10789.413
18622,6651.9824
18623,70634.68
18624,15665.469
18625,10856.779
18626,7996.42
18627,8430.322
18628,55767.836
18629,1972.1404
18630,17404.955
18631,9935.525
18632,57417.688
18633,9235.093
18634,9503.918
18635,59465.65
18636,1729.8699
18637,123277.625
18638,3383.4583
18639,91870.63
18640,4281.6895
18641,8038.7964
18642,10986.92
18643,5194.5684
18644,11469.941
18645,12763.057
18646,8362.701
18647,14098.004
18648,19723.719
18649,5905.4414
18650,10861.304
18651,5774.3335
18652,8895.536
18653,8891.649
18654,10314.379
18655,10341.902
18656,15450.029
18657,3824.8606
18658,14663.286
18659,16913.697
18660,17018.672
18661,67401.18
18662,14498.871
18663,17641.875
18664,76902.11
18665,5783.214
18666,60535.344
18667,13842.127
18668,15414.166
18669,3317.1147
18670,103581.77
18671,11335.967
18672,8021.921
18673,92079.5
18674,59863.133
18675,5537.353
18676,7394.793
18677,13669.416
18678,3851.0789
18679,2661.9119
18680,143293.77
18681,11654.316
18682,2205.121
18683,6666.9565
18684,6299.919
18685,1093.3884
18686,6141.594
18687,16222.276
18688,33145.21
18689,9098.848
18690,70119.79
18691,1657.7957
18692,5410
18693,10967.837
18694,38528.035
18695,6736.814
18696,33142.414
18697,12748.277
18698,6702.7446
18699,13636.377
18700,10389.765
18701,7996.1973
18702,8821.373
18703,65559.7
18704,10972.67
18705,6449.6377
18706,8962.56
18707,4140.703
18708,10719.324
18709,3169.1123
18710,14955.535
18711,14948.82
18712,2615.6414
18713,12788.879
18714,19838.656
18715,75535.016
18716,2383.7986
18717,4817.3584
18718,61136.316
18719,12040.855
18720,9625.899
18721,4276.5723
18722,108126.02
18723,6125.8457
18724,11027.854
18725,35939.633
18726,39757.51
18727,12752.748
18728,17845.19
18729,6148.8936
18730,17854.2
18731,11593.705
18732,10777.09
18733,12718.855
18734,6285.507
18735,5632.6714
18736,6121.4497
18737,9086.502
18738,8035.302
18739,7371.4517
18740,1495.1877
18741,81684.75
18742,11821.193
18743,16709.047
18744,59978.977
18745,10468.139
18746,5619.199
18747,17887.129
18748,10082.25
18749,17881.434
18750,12826.891
18751,6754.7607
18752,10034.249
18753,41246.54
18754,2147.3564
18755,22804.18
18756,12686.059
18757,4121.426
18758,7478.1562
18759,11157.404
18760,9333.132
18761,5830.3047
18762,7764.186
18763,9365.473
18764,6439.229
18765,10097.413
18766,18262.832
18767,5594.868
18768,4790.1655
18769,55404.17
18770,7809.834
18771,15262.305
18772,5171.965
18773,9400.301
18774,7704.2324
18775,12006.727
18776,36794.59
18777,12873.342
18778,36598.703
18779,7863.214
18780,16877.262
18781,9755.655
18782,19164.512
18783,3607.9753
18784,1607.9651
18785,76138.63
18786,18216.512
18787,5342.0254
18788,16213.959
18789,9155.63
18790,9283.624
18791,11908.6
18792,84372.42
18793,6334.1816
18794,10068.219
18795,12862.095
18796,5184.383
18797,27950.629
18798,6582.071
18799,3476.682
18800,8646.494
18801,9966.649
18802,1620.718
18803,8272.006
18804,7974.627
18805,80010.086
18806,109441.22
18807,10959.649
18808,2737.0935
18809,13517.4
18810,15354.714
18811,1125.5642
18812,2513.5706
18813,14008.203
18814,13485.347
18815,2046.4492
18816,8168.171
18817,11205.159
18818,5349.902
18819,5560.043
18820,11788.517
18821,131284.23
18822,10636.883
18823,79406.17
18824,7071.4814
18825,35957.93
18826,7703.007
18827,14269.117
18828,8755.58
18829,12085.025
18830,70607.41
18831,7501.1543
18832,8792.044
18833,6272.504
18834,5699.8257
18835,6898.479
18836,16374.223
18837,15524.034
18838,1626.0022
18839,3467.018
18840,1990.4836
18841,13474.85
18842,15771.45
18843,6072.144
18844,7466.941
18845,1871.8191
18846,41464.156
18847,7676.2134
18848,6412.5146
18849,138688.23
18850,10080.481
18851,5473.906
18852,4347.7754
18853,8169.653
18854,6165.0225
18855,7513.167
18856,83659.62
18857,3222.0828
18858,8819.27
18859,9156.425
18860,5829.693
18861,4504.7666
18862,5864.3623
18863,14003.037
18864,5149.875
18865,14688.447
18866,16341.21
18867,3025.9792
18868,1773.8689
18869,53579.83
18870,84417.266
18871,7676.677
18872,22384.105
18873,13373.773
18874,14041.746
18875,13615.953
18876,7292.808
18877,109076.68
18878,3012.373
18879,12196.16
18880,7491.1533
18881,7216.668
18882,18328.955
18883,7181.76
18884,42602.188
18885,4391.171
18886,13122.071
18887,9945.523
18888,7218.255
18889,17501.408
18890,18965.953
18891,10543.145
18892,22215.32
18893,13748.035
18894,21234.09
18895,7412.664
18896,14316.633
18897,12044.331
18898,12590.6455
18899,9270.092
18900,10731.232
18901,65707.72
18902,8442.021
18903,6695.743
18904,33398.406
18905,14482.773
18906,2708.736
18907,33535.87
18908,48821.832
18909,11516.754
18910,2932.193
18911,5850.74
18912,77527.24
18913,2729.2505
18914,5069.7534
18915,17933.95
18916,15114.02
18917,1411.9321
18918,3413.6926
18919,10962.211
18920,5568.7305
18921,11769.522
18922,14170.005
18923,4502.1064
18924,83514.125
18925,9947.381
18926,5319.4014
18927,7318.418
18928,8341.625
18929,7017.9985
18930,1981.3557
18931,1923.2637
18932,102831.516
18933,10321.195
18934,10844.318
18935,15804.143
18936,4381.8604
18937,21956.336
18938,15218.942
18939,7310.6846
18940,5942.347
18941,34488.836
18942,15350.535
18943,11771.844
18944,12460.844
18945,12036.617
18946,16373.611
18947,5991.4917
18948,8317.427
18949,4422.84
18950,1817.8542
18951,9258.559
18952,7658.836
18953,4260.712
18954,15990.319
18955,3756.3457
18956,14328.979
18957,9283.754
18958,12632.142
18959,4234.101
18960,16628.348
18961,1978.0944
18962,12002.824
18963,20915.928
18964,18016.465
18965,1915.1179
18966,5961.326
18967,4246.365
18968,9064.045
18969,9056.298
18970,12367.4
18971,3572.8655
18972,1394.8855
18973,15043.806
18974,6464.334
18975,7357.217
18976,8946.478
18977,7570.3877
18978,6204.6343
18979,8169.1167
18980,44279.742
18981,62518.72
18982,37936.02
18983,10960.76
18984,14285.27
18985,7438.861
18986,6862.723
18987,4786.979
18988,5672.207
18989,4040.34
18990,9458.058
18991,8297.8125
18992,4033.0588
18993,6447.1313
18994,11199.905
18995,5383.3857
18996,1513.9475
18997,2687.5554
18998,4246.196
18999,9402.85
19000,9770.767
19001,6601.623
19002,23901.531
19003,7472.716
19004,14924.766
19005,137810.42
19006,13338.365
19007,15351.895
19008,11519.001
19009,10835.621
19010,7005.755
19011,14262.995
19012,11632.664
19013,8699.492
19014,10433.881
19015,18431.162
19016,3055.6018
19017,5681.6865
19018,6584.791
19019,4871.871
19020,14667.534
19021,7206.5903
19022,17172.188
19023,10574.701
19024,13031.483
19025,17476.832
19026,13540.499
19027,5221.5327
19028,5986.2285
19029,6058.6777
19030,76352.59
19031,8049.464
19032,23688.008
19033,12123.21
19034,5859.2275
19035,11326.97
19036,5144.227
19037,13801.027
19038,3356.0486
19039,7248.1543
19040,13068.719
19041,5563.2363
19042,41746.9
19043,3903.7358
19044,13403.288
19045,9965.418
19046,96920.98
19047,6592.084
19048,45194.914
19049,4202.677
19050,9193.316
19051,20841.914
19052,3869.9993
19053,4647.806
19054,6137.0625
19055,12133.357
19056,1050.2415
19057,2292.7253
19058,2786.8547
19059,15751.722
19060,9774.758
19061,6399.7695
19062,17845.965
19063,11914.299
19064,5809.5625
19065,9406.701
19066,23072.477
19067,18555.273
19068,13873.403
19069,4405.0464
19070,16799.455
19071,1513.321
19072,5529.5186
19073,48915.26
19074,142027.16
19075,4781.737
19076,15781.856
19077,6225.2227
19078,49628.28
19079,7468.799
19080,5519.3164
19081,7048.9956
19082,96288.234
19083,13648.684
19084,8572.141
19085,49985.32
19086,8328.583
19087,18101.84
19088,5972.974
19089,5890.3154
19090,3984.8044
19091,17583.434
19092,117963.3
19093,10648.616
19094,18272.275
19095,10884.61
19096,19167.102
19097,5373.964
19098,10203.939
19099,24240.586
19100,17207.178
19101,7029.6694
19102,67454.72
19103,7443.3184
19104,50754.957
19105,19349.848
19106,4616.9053
19107,9218.79
19108,32860.777
19109,6634.9834
19110,7306.948
19111,86921.31
19112,9691.483
19113,78113.56
19114,7192.684
19115,74019.8
19116,5701.302
19117,5358.17
19118,7940.813
19119,9099.969
19120,8885.786
19121,6001.134
19122,14888.627
19123,8374.506
19124,13229.131
19125,45234.492
19126,11994.235
19127,4959.4697
19128,4687.1045
19129,10177.67
19130,4585.697
19131,16330.289
19132,9170.329
19133,3931.985
19134,5033.2764
19135,6897.7715
19136,11549.475
19137,11992.573
19138,9518.3125
19139,5790.345
19140,5817.66
19141,8356.732
19142,16074.337
19143,2427.7
19144,16185.455
19145,6767.648
19146,3405.8225
19147,16319.734
19148,5332.4863
19149,7692.708
19150,12804.443
19151,9934.604
19152,6189.9326
19153,6256.3604
19154,3990.6365
19155,14409.09
19156,9892.59
19157,3688.1921
19158,16050.2295
19159,4436.513
19160,10420.442
19161,6004.889
19162,5128.047
19163,6467.6714
19164,4761.473
19165,89947.53
19166,11950.705
19167,4682.007
19168,82976.72
19169,8183.874
19170,39019.746
19171,7150.785
19172,23387.656
19173,5806.7905
19174,113090.414
19175,58982.715
19176,3181.4695
19177,8329.15
19178,4574.925
19179,9697.107
19180,36529.14
19181,5706.213
19182,11043.538
19183,88654.63
19184,6365.29
19185,8397.35
19186,980.1594
19187,6710.9526
19188,15374.501
19189,6784.577
19190,4851.4814
19191,12439.254
19192,7737.136
19193,15872.309
19194,56487.04
19195,12937.102
19196,3691.3342
19197,27567.307
19198,10812.395
19199,140277.83
19200,64763.117
19201,14074.771
19202,12037.107
19203,7897.873
19204,9182.253
19205,8549.063
19206,1072.508
19207,16515.996
19208,923.70776
19209,12735.999
19210,7461.082
19211,14126.795
19212,5002.7554
19213,157109.19
19214,3635.9617
19215,11877.434
19216,23477.41
19217,1748.1414
19218,1568.6306
19219,14354.64
19220,38230.156
19221,6236.161
19222,7900.826
19223,2373.1975
19224,15476.71
19225,26149.559
19226,7072.9175
19227,2220.9734
19228,7622.024
19229,16012.777
19230,5461.171
19231,14476.423
19232,5790.9414
19233,11899.08
19234,5409.4614
19235,4372.817
19236,11948.914
19237,4906.6426
19238,18095.645
19239,5162.5425
19240,18735.562
19241,16090.31
19242,106965.59
19243,7326.4404
19244,6004.587
19245,8799.217
19246,75564.9
19247,26592.475
19248,30421.14
19249,8852.094
19250,13852.381
19251,114704.59
19252,9782.02
19253,3290.212
19254,12669.967
19255,14910.702
19256,16215.052
19257,4746.241
19258,8684.639
19259,9594.616
19260,4804.276
19261,114760.76
19262,92243.8
19263,3223.9548
19264,9040.725
19265,105245.8
19266,7816.675
19267,5649.037
19268,21744.852
19269,1675.7402
19270,9107.393
19271,17430.832
19272,9028.262
19273,11420.948
19274,17682.074
19275,5353.328
19276,17491.98
19277,7280.457
19278,9424.749
19279,73766.68
19280,55029.19
19281,105337.14
19282,119847.05
19283,6753.0566
19284,13227.049
19285,8891.122
19286,6253.7324
19287,11443.053
19288,9358.84
19289,14801.216
19290,12530.884
19291,40463.965
19292,8766.116
19293,12894.779
19294,97818.03
19295,15512.312
19296,10712.212
19297,4066.56
19298,46660.867
19299,5148.092
19300,7690.421
19301,14308.043
19302,8642.109
19303,5163.6353
19304,6750.5854
19305,5766.4185
19306,19030.36
19307,80222.5
19308,2223.9536
19309,35250.977
19310,6657.925
19311,8701.039
19312,10553.925
19313,11238.853
19314,10854.41
19315,7101.9697
19316,5723.4604
19317,5710.4688
19318,23666.473
19319,3448.7644
19320,14896.492
19321,124039.97
19322,13509.755
19323,5025.606
19324,7585.245
19325,11613.732
19326,2253.4294
19327,20572.904
19328,7219.686
19329,13777.679
19330,12851.3125
19331,55367.766
19332,3787.1096
19333,4685.4077
19334,7489.0195
19335,11170.498
19336,10654.719
19337,2783.8416
19338,17322.807
19339,5262.603
19340,15524.521
19341,5042.7905
19342,7441.377
19343,98427.67
19344,6783.843
19345,3627.683
19346,90386.43
19347,6220.9326
19348,39072.3
19349,15241.598
19350,5064.628
19351,38794.62
19352,3158.8093
19353,1810.0881
19354,7140.493
19355,4519.3057
19356,22316.707
19357,4921.544
19358,4922.446
19359,12171.439
19360,144974.27
19361,16247.766
19362,6985.582
19363,8893.532
19364,12901.266
19365,11737.797
19366,4148.743
19367,100360.766
19368,14853.086
19369,12022.531
19370,7132.8276
19371,19708.523
19372,89432.66
19373,8912.838
19374,36339.973
19375,7118.011
19376,6402.3535
19377,3186.3533
19378,15995.736
19379,3860.1086
19380,18751.965
19381,4764.891
19382,2018.3191
19383,7721.967
19384,5541.939
19385,5210.127
19386,5634.749
19387,6689.818
19388,43629.297
19389,7928.297
19390,13386.371
19391,6731.9814
19392,4990.0137
19393,7018.984
19394,10685.92
19395,9053.799
19396,5250.216
19397,14516.643
19398,10202.045
19399,12035.817
19400,17702.123
19401,11058.588
19402,8593.972
19403,20945.277
19404,23718.102
19405,10910.9375
19406,32382.875
19407,10921.122
19408,8683.564
19409,6533.3154
19410,10862.706
19411,4284.1514
19412,6541.041
19413,68984.055
19414,14742.143
19415,1650.1035
19416,10003.443
19417,1726.6199
19418,10712.413
19419,4801.243
19420,12978.781
19421,42596.96
19422,13573.001
19423,7509.2197
19424,26607.234
19425,13731.011
19426,8112.7163
19427,7019.5693
19428,5894.3896
19429,82783.3
19430,7398.1543
19431,17869.406
19432,14650.258
19433,66469.82
19434,6501.632
19435,119484.484
19436,9715.377
19437,3504.7693
19438,8079.6426
19439,9913.133
19440,7110.4766
19441,106280.41
19442,29497.496
19443,13644.633
19444,70360.195
19445,107494.27
19446,7091.622
19447,2857.5544
19448,16891.799
19449,7336.9487
19450,5005.6494
19451,9993.646
19452,50272.69
19453,4754.032
19454,11133.585
19455,4879.8086
19456,14137.736
19457,6230.4756
19458,4745.5195
19459,6628.926
19460,6393.133
19461,36932.477
19462,5897.7134
19463,20096.094
19464,10010.424
19465,93215.34
19466,42146.812
19467,9289.269
19468,5613.3037
19469,13002.556
19470,7274.13
19471,11473.411
19472,7980.371
19473,8210.758
19474,9757.789
19475,2640.5417
19476,42682.94
19477,15927.859
19478,15013.441
19479,3124.4563
19480,7960.713
19481,144165.48
19482,11101.73
19483,96155.2
19484,49447.445
19485,107097.89
19486,3681.759
19487,9286.982
19488,4436.353
19489,3939.932
19490,11961.552
19491,9028.697
19492,12858.244
19493,1999.0554
19494,2677.556
19495,29933.441
19496,8809.092
19497,4227.586
19498,105512.58
19499,25343.664
19500,3247.9102
19501,12405.6875
19502,13392.838
19503,10917.59
19504,11093.908
19505,9212.21
19506,10246.482
19507,4915.797
19508,17483.293
19509,3942.259
19510,4952.2656
19511,4054.5647
19512,43591.04
19513,45134.03
19514,7577.593
19515,13694.613
19516,887.5652
19517,87946.66
19518,5736.343
19519,17327.832
19520,15268.1455
19521,1704.1072
19522,5611.9106
19523,6973.5947
19524,23445.365
19525,13499.97
19526,8153.0986
19527,2956.3665
19528,6701.1987
19529,3059.9343
19530,13405.145
19531,14309.819
19532,8110.882
19533,2415.7744
19534,13459.66
19535,9569.785
19536,8572.438
19537,8700.66
19538,9298.109
19539,7027.423
19540,14717.765
19541,14754.729
19542,12552.107
19543,5659.0693
19544,9166.242
19545,11269.234
19546,15217.257
19547,7097.874
19548,13689.865
19549,2503.5398
19550,14634.275
19551,4094.4675
19552,112011.81
19553,10179.432
19554,7563.9443
19555,5083.4785
19556,80332.08
19557,21587.055
19558,5514.7173
19559,6363.827
19560,10606.799
19561,22670.73
19562,4948.985
19563,5822.742
19564,3718.846
19565,7986.6816
19566,18252.469
19567,3337.194
19568,32042.777
19569,6144.14
19570,7748.337
19571,2039.883
19572,8017.045
19573,15104.13
19574,25292.734
19575,9594.101
19576,28665.482
19577,4259.963
19578,90372.66
19579,5062.944
19580,7479.647
19581,1492.1501
19582,6750.585
19583,3446.821
19584,10393.385
19585,48124.094
19586,9985.906
19587,6681.2393
19588,7432.6055
19589,2383.411
19590,16547.66
19591,6439.357
19592,9249.6875
19593,11316.973
19594,112899.36
19595,9735.5
19596,4131.259
19597,6230.868
19598,19382.336
19599,110373.53
19600,14521.151
19601,5155.285
19602,2858.3914
19603,125045.39
19604,2305.1628
19605,6649.136
19606,87730.94
19607,3836.8215
19608,4474.967
19609,20682.732
19610,6806.508
19611,10453.709
19612,6259.0244
19613,5476.7812
19614,20864.74
19615,16137.764
19616,9060.758
19617,6971.673
19618,32020.867
19619,6655.32
19620,14451.509
19621,8630.07
19622,11349.348
19623,7057.8
19624,15326.895
19625,11112.598
19626,991.73706
19627,14146.565
19628,7232.551
19629,5139.1216
19630,8800.883
19631,52602.094
19632,69339.83
19633,7237.5786
19634,3919.9841
19635,30688.191
19636,14080.397
19637,1073.9338
19638,10369.365
19639,3523.5173
19640,119926.68
19641,11527.348
19642,98160.08
19643,4138.1973
19644,44464.984
19645,7297.823
19646,53412.227
19647,70062.91
19648,6316.3125
19649,6276.148
19650,8100.54
19651,74200.89
19652,9573.106
19653,9628.578
19654,2979.1208
19655,4046.7512
19656,6504.352
19657,4579.4756
19658,8300.0625
19659,4007.7468
19660,59335.832
19661,7573.0215
19662,9670.3955
19663,6349.425
19664,8703.079
19665,10220.721
19666,8626.726
19667,5697.312
19668,5039.198
19669,4236.8115
19670,5480.0776
19671,3504.6726
19672,15420.842
19673,13736.256
19674,144609.83
19675,9648.985
19676,23405.963
19677,10022.979
19678,14627.155
19679,13362.986
19680,15576.758
19681,13955.528
19682,6721.0693
19683,11887.347
19684,9248.492
19685,3029.408
19686,7321.731
19687,3537.367
19688,14652.947
19689,6382.157
19690,2094.8972
19691,6263.114
19692,10032.266
19693,7969.1016
19694,4792.2036
19695,5173.7275
19696,9660.168
19697,5828.7363
19698,2782.1243
19699,3615.2092
19700,13466.2295
19701,5621.5283
19702,65648.89
19703,8628.809
19704,5599.2393
19705,137280.64
19706,42134
19707,13686.663
19708,7015.2056
19709,10830.717
19710,35570.195
19711,5721.9736
19712,11997.252
19713,5914.249
19714,19506.031
19715,7006.5728
19716,9568.594
19717,3032.4106
19718,10684.752
19719,16534.63
19720,19759.486
19721,11486.471
19722,13982.722
19723,6363.0845
19724,12312.269
19725,2445.211
19726,17823.514
19727,14121.664
19728,15885.44
19729,1411.9954
19730,4700.153
19731,5266.2754
19732,5312.259
19733,8732.499
19734,16694.633
19735,6459.3433
19736,6869.5957
19737,11010.012
19738,8346.617
19739,5074.98
19740,4987.737
19741,5489.921
19742,6642.0645
19743,15851.646
19744,11555.294
19745,5303.4053
19746,109292.14
19747,13913.078
19748,10563.979
19749,6612.2524
19750,19227.283
19751,3198.8474
19752,81717.94
19753,9726.457
19754,8424.486
19755,11720.615
19756,15373.717
19757,12104.123
19758,7506.222
19759,70751.2
19760,8963.645
19761,18073.867
19762,15731.332
19763,2400.2917
19764,8146.0635
19765,9663.422
19766,1593.1365
19767,4606.606
19768,19775.062
19769,8035.33
19770,1506.7921
19771,9245.422
19772,7251.884
19773,14146.703
19774,12432.213
19775,67733.62
19776,4195.604
19777,13300.006
19778,10868.615
19779,7358.5024
19780,105765.48
19781,12332.092
19782,18242.396
19783,6008.6533
19784,11879.496
19785,150113.12
19786,10668.211
19787,7574.0156
19788,13063.863
19789,6034.7437
19790,11800.335
19791,13298.148
19792,16588.203
19793,4239.8286
19794,35288.4
19795,8552.147
19796,11967.688
19797,10657.259
19798,9221.059
19799,16871.611
19800,4100.3604
19801,17859.74
19802,13704.781
19803,6863.5205
19804,5151.413
19805,10062.051
19806,2310.3242
19807,2314.6663
19808,5306.8105
19809,1815.074
19810,5959.959
19811,89730.22
19812,1084.0774
19813,4691.0107
19814,7874
19815,10212.031
19816,14422.133
19817,6844.177
19818,1475.1755
19819,6652.6406
19820,3136.9343
19821,26154.406
19822,5798.061
19823,19873.781
19824,13610.639
19825,10620.586
19826,10484.04
19827,7094.911
19828,5876.4736
19829,12086.096
19830,7940.251
19831,5805.872
19832,8844.924
19833,5121.4854
19834,11159.126
19835,91515.19
19836,15947.1875
19837,7848.1113
19838,14410.684
19839,5832.656
19840,18101.102
19841,3765.5916
19842,31627.467
19843,3851.6147
19844,2202.285
19845,46756.6
19846,6753.2417
19847,5620.779
19848,15639.07
19849,14463.365
19850,10181.513
19851,1701.3591
19852,9670.238
19853,4931.042
19854,16103.727
19855,4025.4148
19856,10074.642
19857,10220.219
19858,10330.912
19859,25613.32
19860,3216.3972
19861,1836.6067
19862,15233.044
19863,10818.586
19864,11958.918
19865,5975.264
19866,5497.1094
19867,8951.985
19868,8573.282
19869,6850.5454
19870,15430.033
19871,6314.875
19872,52808.652
19873,9089.868
19874,63124.57
19875,15204.508
19876,3246.2854
19877,8980.019
19878,8897.303
19879,10335.596
19880,12384.913
19881,93994.93
19882,1892.2888
19883,13086.205
19884,9728.736
19885,21684.047
19886,9691.98
19887,9887.097
19888,20009.742
19889,6822.1416
19890,10892.521
19891,3011.0176
19892,3852.155
19893,2314.7234
19894,53319.293
19895,13114.869
19896,7641.787
19897,17580.412
19898,14464.282
19899,39808.297
19900,107256.62
19901,164369.94
19902,5021.9604
19903,6414.468
19904,10614.877
19905,7678.933
19906,17489.855
19907,2785.4434
19908,10891.206
19909,52052.402
19910,22596.635
19911,7520.0215
19912,22752.357
19913,3943.2253
19914,18933.004
19915,9960.446
19916,26702.041
19917,6425.019
19918,6931.2095
19919,57599.89
19920,12405.712
19921,20899.363
19922,5677.884
19923,13459.364
19924,61747.383
19925,11092.33
19926,4515.2417
19927,2351.335
19928,5595.2075
19929,16511.945
19930,6303.194
19931,8379.072
19932,6631.06
19933,7748.073
19934,20572.137
19935,19354.89
19936,2555.777
19937,5406.201
19938,5087.6943
19939,6548.427
19940,7804.034
19941,43582.39
19942,6703.046
19943,2443.0603
19944,3826.2449
19945,12434.308
19946,6456.885
19947,10334.201
19948,5622.635
19949,14144.244
19950,4847.8916
19951,10549.418
19952,14913.084
19953,14052.583
19954,11367.174
19955,5705.3086
19956,19329.285
19957,63081.188
19958,5465.5884
19959,6444.947
19960,23210.6
19961,39421.445
19962,13121.162
19963,12293.7295
19964,121338.45
19965,6150.0703
19966,6381.405
19967,6454.5557
19968,3402.1555
19969,12756.704
19970,6755.3633
19971,9814.902
19972,17211.307
19973,7591.425
19974,3561.258
19975,84744.57
19976,5961.7803
19977,16755.303
19978,78998.016
19979,5212.8584
19980,4687.1147
19981,12956.098
19982,5270.824
19983,8183.053
19984,7562.035
19985,3841.2551
19986,3402.758
19987,5327.3955
19988,18692.238
19989,8308.861
19990,13908.337
19991,1054.0969
19992,7235.8843
19993,12652.165
19994,12690.469
19995,10850.39
19996,9273.031
19997,69106.02
19998,5921.287
19999,5556.8916
20000,5307.1377
20001,9780.439
20002,14098.217
20003,17399.863
20004,12191.964
20005,9359.555
20006,8148.282
20007,10995.894
20008,12183.492
20009,5218.777
20010,7881.748
20011,7070.305
20012,9506.741
20013,4985.1133
20014,9865.286
20015,1833.5994
20016,15151.143
20017,13537.083
20018,14698.344
20019,6872.73
20020,10045.722
20021,11407.068
20022,15740.715
20023,12437.134
